"productcategorykey","category","productsubcategorykey","subcategory","productkey","productname","color","productline","modelname"
1,"Bikes",1,"Mountain Bikes",359,"Mountain-200 Black, 38","Black","M ","Mountain-200"
1,"Bikes",1,"Mountain Bikes",360,"Mountain-200 Black, 42","Black","M ","Mountain-200"
1,"Bikes",1,"Mountain Bikes",361,"Mountain-200 Black, 42","Black","M ","Mountain-200"
1,"Bikes",1,"Mountain Bikes",362,"Mountain-200 Black, 46","Black","M ","Mountain-200"
1,"Bikes",1,"Mountain Bikes",363,"Mountain-200 Black, 46","Black","M ","Mountain-200"
1,"Bikes",1,"Mountain Bikes",364,"Mountain-300 Black, 38","Black","M ","Mountain-300"
1,"Bikes",1,"Mountain Bikes",365,"Mountain-300 Black, 40","Black","M ","Mountain-300"
1,"Bikes",1,"Mountain Bikes",366,"Mountain-300 Black, 44","Black","M ","Mountain-300"
1,"Bikes",1,"Mountain Bikes",367,"Mountain-300 Black, 48","Black","M ","Mountain-300"
1,"Bikes",1,"Mountain Bikes",598,"Mountain-500 Black, 44","Black","M ","Mountain-500"
1,"Bikes",1,"Mountain Bikes",597,"Mountain-500 Black, 42","Black","M ","Mountain-500"
1,"Bikes",1,"Mountain Bikes",596,"Mountain-500 Black, 40","Black","M ","Mountain-500"
1,"Bikes",1,"Mountain Bikes",595,"Mountain-500 Silver, 52","Silver","M ","Mountain-500"
1,"Bikes",1,"Mountain Bikes",594,"Mountain-500 Silver, 48","Silver","M ","Mountain-500"
1,"Bikes",1,"Mountain Bikes",593,"Mountain-500 Silver, 44","Silver","M ","Mountain-500"
1,"Bikes",1,"Mountain Bikes",592,"Mountain-500 Silver, 42","Silver","M ","Mountain-500"
1,"Bikes",1,"Mountain Bikes",591,"Mountain-500 Silver, 40","Silver","M ","Mountain-500"
1,"Bikes",1,"Mountain Bikes",590,"Mountain-400-W Silver, 46","Silver","M ","Mountain-400-W"
1,"Bikes",1,"Mountain Bikes",589,"Mountain-400-W Silver, 42","Silver","M ","Mountain-400-W"
1,"Bikes",1,"Mountain Bikes",588,"Mountain-400-W Silver, 40","Silver","M ","Mountain-400-W"
1,"Bikes",1,"Mountain Bikes",587,"Mountain-400-W Silver, 38","Silver","M ","Mountain-400-W"
1,"Bikes",1,"Mountain Bikes",347,"Mountain-100 Silver, 48","Silver","M ","Mountain-100"
1,"Bikes",1,"Mountain Bikes",348,"Mountain-100 Black, 38","Black","M ","Mountain-100"
1,"Bikes",1,"Mountain Bikes",344,"Mountain-100 Silver, 38","Silver","M ","Mountain-100"
1,"Bikes",1,"Mountain Bikes",345,"Mountain-100 Silver, 42","Silver","M ","Mountain-100"
1,"Bikes",1,"Mountain Bikes",346,"Mountain-100 Silver, 44","Silver","M ","Mountain-100"
1,"Bikes",1,"Mountain Bikes",600,"Mountain-500 Black, 52","Black","M ","Mountain-500"
1,"Bikes",1,"Mountain Bikes",599,"Mountain-500 Black, 48","Black","M ","Mountain-500"
1,"Bikes",1,"Mountain Bikes",349,"Mountain-100 Black, 42","Black","M ","Mountain-100"
1,"Bikes",1,"Mountain Bikes",350,"Mountain-100 Black, 44","Black","M ","Mountain-100"
1,"Bikes",1,"Mountain Bikes",351,"Mountain-100 Black, 48","Black","M ","Mountain-100"
1,"Bikes",1,"Mountain Bikes",352,"Mountain-200 Silver, 38","Silver","M ","Mountain-200"
1,"Bikes",1,"Mountain Bikes",353,"Mountain-200 Silver, 38","Silver","M ","Mountain-200"
1,"Bikes",1,"Mountain Bikes",354,"Mountain-200 Silver, 42","Silver","M ","Mountain-200"
1,"Bikes",1,"Mountain Bikes",355,"Mountain-200 Silver, 42","Silver","M ","Mountain-200"
1,"Bikes",1,"Mountain Bikes",356,"Mountain-200 Silver, 46","Silver","M ","Mountain-200"
1,"Bikes",1,"Mountain Bikes",357,"Mountain-200 Silver, 46","Silver","M ","Mountain-200"
1,"Bikes",1,"Mountain Bikes",358,"Mountain-200 Black, 38","Black","M ","Mountain-200"
1,"Bikes",2,"Road Bikes",310,"Road-150 Red, 62","Red","R ","Road-150"
1,"Bikes",2,"Road Bikes",606,"Road-750 Black, 52","Black","R ","Road-750"
1,"Bikes",2,"Road Bikes",605,"Road-750 Black, 48","Black","R ","Road-750"
1,"Bikes",2,"Road Bikes",604,"Road-750 Black, 44","Black","R ","Road-750"
1,"Bikes",2,"Road Bikes",584,"Road-750 Black, 58","Black","R ","Road-750"
1,"Bikes",2,"Road Bikes",583,"Road-350-W Yellow, 48","Yellow","R ","Road-350-W"
1,"Bikes",2,"Road Bikes",582,"Road-350-W Yellow, 44","Yellow","R ","Road-350-W"
1,"Bikes",2,"Road Bikes",581,"Road-350-W Yellow, 42","Yellow","R ","Road-350-W"
1,"Bikes",2,"Road Bikes",580,"Road-350-W Yellow, 40","Yellow","R ","Road-350-W"
1,"Bikes",2,"Road Bikes",387,"Road-550-W Yellow, 44","Yellow","R ","Road-550-W"
1,"Bikes",2,"Road Bikes",386,"Road-550-W Yellow, 42","Yellow","R ","Road-550-W"
1,"Bikes",2,"Road Bikes",385,"Road-550-W Yellow, 42","Yellow","R ","Road-550-W"
1,"Bikes",2,"Road Bikes",384,"Road-550-W Yellow, 40","Yellow","R ","Road-550-W"
1,"Bikes",2,"Road Bikes",383,"Road-550-W Yellow, 40","Yellow","R ","Road-550-W"
1,"Bikes",2,"Road Bikes",382,"Road-550-W Yellow, 38","Yellow","R ","Road-550-W"
1,"Bikes",2,"Road Bikes",381,"Road-550-W Yellow, 38","Yellow","R ","Road-550-W"
1,"Bikes",2,"Road Bikes",380,"Road-250 Black, 58","Black","R ","Road-250"
1,"Bikes",2,"Road Bikes",379,"Road-250 Black, 58","Black","R ","Road-250"
1,"Bikes",2,"Road Bikes",378,"Road-250 Black, 52","Black","R ","Road-250"
1,"Bikes",2,"Road Bikes",377,"Road-250 Black, 52","Black","R ","Road-250"
1,"Bikes",2,"Road Bikes",376,"Road-250 Black, 48","Black","R ","Road-250"
1,"Bikes",2,"Road Bikes",375,"Road-250 Black, 48","Black","R ","Road-250"
1,"Bikes",2,"Road Bikes",374,"Road-250 Black, 44","Black","R ","Road-250"
1,"Bikes",2,"Road Bikes",373,"Road-250 Black, 44","Black","R ","Road-250"
1,"Bikes",2,"Road Bikes",372,"Road-250 Red, 58","Red","R ","Road-250"
1,"Bikes",2,"Road Bikes",371,"Road-250 Red, 58","Red","R ","Road-250"
1,"Bikes",2,"Road Bikes",370,"Road-250 Red, 52","Red","R ","Road-250"
1,"Bikes",2,"Road Bikes",369,"Road-250 Red, 48","Red","R ","Road-250"
1,"Bikes",2,"Road Bikes",368,"Road-250 Red, 44","Red","R ","Road-250"
1,"Bikes",2,"Road Bikes",343,"Road-650 Black, 52","Black","R ","Road-650"
1,"Bikes",2,"Road Bikes",342,"Road-650 Black, 52","Black","R ","Road-650"
1,"Bikes",2,"Road Bikes",341,"Road-650 Black, 48","Black","R ","Road-650"
1,"Bikes",2,"Road Bikes",340,"Road-650 Black, 48","Black","R ","Road-650"
1,"Bikes",2,"Road Bikes",339,"Road-650 Black, 44","Black","R ","Road-650"
1,"Bikes",2,"Road Bikes",338,"Road-650 Black, 44","Black","R ","Road-650"
1,"Bikes",2,"Road Bikes",337,"Road-650 Black, 62","Black","R ","Road-650"
1,"Bikes",2,"Road Bikes",336,"Road-650 Black, 62","Black","R ","Road-650"
1,"Bikes",2,"Road Bikes",334,"Road-650 Black, 60","Black","R ","Road-650"
1,"Bikes",2,"Road Bikes",333,"Road-650 Black, 58","Black","R ","Road-650"
1,"Bikes",2,"Road Bikes",332,"Road-650 Black, 58","Black","R ","Road-650"
1,"Bikes",2,"Road Bikes",331,"Road-650 Red, 52","Red","R ","Road-650"
1,"Bikes",2,"Road Bikes",330,"Road-650 Red, 52","Red","R ","Road-650"
1,"Bikes",2,"Road Bikes",329,"Road-650 Red, 48","Red","R ","Road-650"
1,"Bikes",2,"Road Bikes",328,"Road-650 Red, 48","Red","R ","Road-650"
1,"Bikes",2,"Road Bikes",327,"Road-650 Red, 44","Red","R ","Road-650"
1,"Bikes",2,"Road Bikes",326,"Road-650 Red, 44","Red","R ","Road-650"
1,"Bikes",2,"Road Bikes",325,"Road-650 Red, 62","Red","R ","Road-650"
1,"Bikes",2,"Road Bikes",324,"Road-650 Red, 62","Red","R ","Road-650"
1,"Bikes",2,"Road Bikes",323,"Road-650 Red, 60","Red","R ","Road-650"
1,"Bikes",2,"Road Bikes",322,"Road-650 Red, 60","Red","R ","Road-650"
1,"Bikes",2,"Road Bikes",321,"Road-650 Red, 58","Red","R ","Road-650"
1,"Bikes",2,"Road Bikes",320,"Road-650 Red, 58","Red","R ","Road-650"
1,"Bikes",2,"Road Bikes",319,"Road-450 Red, 52","Red","R ","Road-450"
1,"Bikes",2,"Road Bikes",318,"Road-450 Red, 48","Red","R ","Road-450"
1,"Bikes",2,"Road Bikes",317,"Road-450 Red, 44","Red","R ","Road-450"
1,"Bikes",2,"Road Bikes",316,"Road-450 Red, 60","Red","R ","Road-450"
1,"Bikes",2,"Road Bikes",315,"Road-450 Red, 58","Red","R ","Road-450"
1,"Bikes",2,"Road Bikes",314,"Road-150 Red, 56","Red","R ","Road-150"
1,"Bikes",2,"Road Bikes",313,"Road-150 Red, 52","Red","R ","Road-150"
1,"Bikes",2,"Road Bikes",312,"Road-150 Red, 48","Red","R ","Road-150"
1,"Bikes",2,"Road Bikes",311,"Road-150 Red, 44","Red","R ","Road-150"
1,"Bikes",2,"Road Bikes",335,"Road-650 Black, 60","Black","R ","Road-650"
1,"Bikes",2,"Road Bikes",390,"Road-550-W Yellow, 48","Yellow","R ","Road-550-W"
1,"Bikes",2,"Road Bikes",389,"Road-550-W Yellow, 48","Yellow","R ","Road-550-W"
1,"Bikes",2,"Road Bikes",388,"Road-550-W Yellow, 44","Yellow","R ","Road-550-W"
1,"Bikes",3,"Touring Bikes",578,"Touring-2000 Blue, 50","Blue","T ","Touring-2000"
1,"Bikes",3,"Touring Bikes",574,"Touring-1000 Blue, 50","Blue","T ","Touring-1000"
1,"Bikes",3,"Touring Bikes",573,"Touring-1000 Blue, 46","Blue","T ","Touring-1000"
1,"Bikes",3,"Touring Bikes",572,"Touring-3000 Yellow, 62","Yellow","T ","Touring-3000"
1,"Bikes",3,"Touring Bikes",571,"Touring-3000 Yellow, 58","Yellow","T ","Touring-3000"
1,"Bikes",3,"Touring Bikes",570,"Touring-3000 Yellow, 54","Yellow","T ","Touring-3000"
1,"Bikes",3,"Touring Bikes",569,"Touring-3000 Yellow, 50","Yellow","T ","Touring-3000"
1,"Bikes",3,"Touring Bikes",562,"Touring-1000 Yellow, 50","Yellow","T ","Touring-1000"
1,"Bikes",3,"Touring Bikes",563,"Touring-1000 Yellow, 54","Yellow","T ","Touring-1000"
1,"Bikes",3,"Touring Bikes",564,"Touring-1000 Yellow, 60","Yellow","T ","Touring-1000"
1,"Bikes",3,"Touring Bikes",565,"Touring-3000 Blue, 54","Blue","T ","Touring-3000"
1,"Bikes",3,"Touring Bikes",566,"Touring-3000 Blue, 58","Blue","T ","Touring-3000"
1,"Bikes",3,"Touring Bikes",567,"Touring-3000 Blue, 62","Blue","T ","Touring-3000"
1,"Bikes",3,"Touring Bikes",568,"Touring-3000 Yellow, 44","Yellow","T ","Touring-3000"
1,"Bikes",3,"Touring Bikes",561,"Touring-1000 Yellow, 46","Yellow","T ","Touring-1000"
1,"Bikes",3,"Touring Bikes",586,"Touring-3000 Blue, 50","Blue","T ","Touring-3000"
1,"Bikes",3,"Touring Bikes",577,"Touring-2000 Blue, 46","Blue","T ","Touring-2000"
1,"Bikes",3,"Touring Bikes",576,"Touring-1000 Blue, 60","Blue","T ","Touring-1000"
1,"Bikes",3,"Touring Bikes",575,"Touring-1000 Blue, 54","Blue","T ","Touring-1000"
1,"Bikes",3,"Touring Bikes",585,"Touring-3000 Blue, 44","Blue","T ","Touring-3000"
1,"Bikes",3,"Touring Bikes",560,"Touring-2000 Blue, 60","Blue","T ","Touring-2000"
1,"Bikes",3,"Touring Bikes",579,"Touring-2000 Blue, 54","Blue","T ","Touring-2000"
2,"Components",4,"Handlebars",399,"ML Mountain Handlebars","NA","M ","ML Mountain Handlebars"
2,"Components",4,"Handlebars",554,"HL Touring Handlebars","NA","T ","HL Touring Handlebars"
2,"Components",4,"Handlebars",553,"LL Touring Handlebars","NA","T ","LL Touring Handlebars"
2,"Components",4,"Handlebars",408,"HL Road Handlebars","NA","R ","HL Road Handlebars"
2,"Components",4,"Handlebars",407,"HL Road Handlebars","NA","R ","HL Road Handlebars"
2,"Components",4,"Handlebars",406,"ML Road Handlebars","NA","R ","ML Road Handlebars"
2,"Components",4,"Handlebars",405,"ML Road Handlebars","NA","R ","ML Road Handlebars"
2,"Components",4,"Handlebars",404,"LL Road Handlebars","NA","R ","LL Road Handlebars"
2,"Components",4,"Handlebars",403,"LL Road Handlebars","NA","R ","LL Road Handlebars"
2,"Components",4,"Handlebars",402,"HL Mountain Handlebars","NA","M ","HL Mountain Handlebars"
2,"Components",4,"Handlebars",401,"HL Mountain Handlebars","NA","M ","HL Mountain Handlebars"
2,"Components",4,"Handlebars",400,"ML Mountain Handlebars","NA","M ","ML Mountain Handlebars"
2,"Components",4,"Handlebars",398,"LL Mountain Handlebars","NA","M ","LL Mountain Handlebars"
2,"Components",4,"Handlebars",397,"LL Mountain Handlebars","NA","M ","LL Mountain Handlebars"
2,"Components",5,"Bottom Brackets",602,"ML Bottom Bracket","NA",NULL,"ML Bottom Bracket"
2,"Components",5,"Bottom Brackets",601,"LL Bottom Bracket","NA",NULL,"LL Bottom Bracket"
2,"Components",5,"Bottom Brackets",603,"HL Bottom Bracket","NA",NULL,"HL Bottom Bracket"
2,"Components",6,"Brakes",555,"Front Brakes","Silver",NULL,"Front Brakes"
2,"Components",6,"Brakes",514,"Rear Brakes","Silver",NULL,"Rear Brakes"
2,"Components",7,"Chains",559,"Chain","Silver",NULL,"Chain"
2,"Components",8,"Cranksets",558,"HL Crankset","Black",NULL,"HL Crankset"
2,"Components",8,"Cranksets",557,"ML Crankset","Black",NULL,"ML Crankset"
2,"Components",8,"Cranksets",556,"LL Crankset","Black",NULL,"LL Crankset"
2,"Components",9,"Derailleurs",552,"Front Derailleur","Silver",NULL,"Front Derailleur"
2,"Components",9,"Derailleurs",501,"Rear Derailleur","Silver",NULL,"Rear Derailleur"
2,"Components",10,"Forks",391,"LL Fork","NA",NULL,"LL Fork"
2,"Components",10,"Forks",393,"HL Fork","NA",NULL,"HL Fork"
2,"Components",10,"Forks",392,"ML Fork","NA",NULL,"ML Fork"
2,"Components",11,"Headsets",396,"HL Headset","NA",NULL,"HL Headset"
2,"Components",11,"Headsets",395,"ML Headset","NA",NULL,"ML Headset"
2,"Components",11,"Headsets",394,"LL Headset","NA",NULL,"LL Headset"
2,"Components",12,"Mountain Frames",531,"LL Mountain Frame - Black, 42","Black","M ","LL Mountain Frame"
2,"Components",12,"Mountain Frames",288,"HL Mountain Frame - Silver, 42","Silver","M ","HL Mountain Frame"
2,"Components",12,"Mountain Frames",289,"HL Mountain Frame - Silver, 42","Silver","M ","HL Mountain Frame"
2,"Components",12,"Mountain Frames",290,"HL Mountain Frame - Silver, 42","Silver","M ","HL Mountain Frame"
2,"Components",12,"Mountain Frames",291,"HL Mountain Frame - Silver, 44","Silver","M ","HL Mountain Frame"
2,"Components",12,"Mountain Frames",292,"HL Mountain Frame - Silver, 48","Silver","M ","HL Mountain Frame"
2,"Components",12,"Mountain Frames",293,"HL Mountain Frame - Silver, 46","Silver","M ","HL Mountain Frame"
2,"Components",12,"Mountain Frames",294,"HL Mountain Frame - Silver, 46","Silver","M ","HL Mountain Frame"
2,"Components",12,"Mountain Frames",295,"HL Mountain Frame - Silver, 46","Silver","M ","HL Mountain Frame"
2,"Components",12,"Mountain Frames",296,"HL Mountain Frame - Black, 42","Black","M ","HL Mountain Frame"
2,"Components",12,"Mountain Frames",297,"HL Mountain Frame - Black, 42","Black","M ","HL Mountain Frame"
2,"Components",12,"Mountain Frames",298,"HL Mountain Frame - Black, 42","Black","M ","HL Mountain Frame"
2,"Components",12,"Mountain Frames",299,"HL Mountain Frame - Black, 44","Black","M ","HL Mountain Frame"
2,"Components",12,"Mountain Frames",300,"HL Mountain Frame - Black, 48","Black","M ","HL Mountain Frame"
2,"Components",12,"Mountain Frames",301,"HL Mountain Frame - Black, 46","Black","M ","HL Mountain Frame"
2,"Components",12,"Mountain Frames",302,"HL Mountain Frame - Black, 46","Black","M ","HL Mountain Frame"
2,"Components",12,"Mountain Frames",303,"HL Mountain Frame - Black, 46","Black","M ","HL Mountain Frame"
2,"Components",12,"Mountain Frames",304,"HL Mountain Frame - Black, 38","Black","M ","HL Mountain Frame"
2,"Components",12,"Mountain Frames",305,"HL Mountain Frame - Black, 38","Black","M ","HL Mountain Frame"
2,"Components",12,"Mountain Frames",306,"HL Mountain Frame - Black, 38","Black","M ","HL Mountain Frame"
2,"Components",12,"Mountain Frames",307,"HL Mountain Frame - Silver, 38","Silver","M ","HL Mountain Frame"
2,"Components",12,"Mountain Frames",308,"HL Mountain Frame - Silver, 38","Silver","M ","HL Mountain Frame"
2,"Components",12,"Mountain Frames",309,"HL Mountain Frame - Silver, 38","Silver","M ","HL Mountain Frame"
2,"Components",12,"Mountain Frames",409,"ML Mountain Frame - Black, 38","Black","M ","ML Mountain Frame-W"
2,"Components",12,"Mountain Frames",426,"ML Mountain Frame - Black, 40","Black","M ","ML Mountain Frame"
2,"Components",12,"Mountain Frames",427,"ML Mountain Frame - Black, 44","Black","M ","ML Mountain Frame"
2,"Components",12,"Mountain Frames",428,"ML Mountain Frame - Black, 48","Black","M ","ML Mountain Frame"
2,"Components",12,"Mountain Frames",511,"ML Mountain Frame-W - Silver, 40","Silver","M ","ML Mountain Frame-W"
2,"Components",12,"Mountain Frames",512,"ML Mountain Frame-W - Silver, 42","Silver","M ","ML Mountain Frame-W"
2,"Components",12,"Mountain Frames",513,"ML Mountain Frame-W - Silver, 46","Silver","M ","ML Mountain Frame-W"
2,"Components",12,"Mountain Frames",524,"LL Mountain Frame - Silver, 42","Silver","M ","LL Mountain Frame"
2,"Components",12,"Mountain Frames",525,"LL Mountain Frame - Silver, 44","Silver","M ","LL Mountain Frame"
2,"Components",12,"Mountain Frames",526,"LL Mountain Frame - Silver, 48","Silver","M ","LL Mountain Frame"
2,"Components",12,"Mountain Frames",527,"LL Mountain Frame - Silver, 52","Silver","M ","LL Mountain Frame"
2,"Components",12,"Mountain Frames",532,"LL Mountain Frame - Black, 44","Black","M ","LL Mountain Frame"
2,"Components",12,"Mountain Frames",533,"LL Mountain Frame - Black, 48","Black","M ","LL Mountain Frame"
2,"Components",12,"Mountain Frames",534,"LL Mountain Frame - Black, 52","Black","M ","LL Mountain Frame"
2,"Components",12,"Mountain Frames",549,"ML Mountain Frame-W - Silver, 38","Silver","M ","ML Mountain Frame-W"
2,"Components",12,"Mountain Frames",550,"LL Mountain Frame - Black, 40","Black","M ","LL Mountain Frame"
2,"Components",12,"Mountain Frames",551,"LL Mountain Frame - Silver, 40","Silver","M ","LL Mountain Frame"
2,"Components",13,"Pedals",545,"LL Road Pedal","Silver/Black","R ","LL Road Pedal"
2,"Components",13,"Pedals",544,"HL Mountain Pedal","Silver/Black","M ","HL Mountain Pedal"
2,"Components",13,"Pedals",543,"ML Mountain Pedal","Silver/Black","M ","ML Mountain Pedal"
2,"Components",13,"Pedals",542,"LL Mountain Pedal","Silver/Black","M ","LL Mountain Pedal"
2,"Components",13,"Pedals",548,"Touring Pedal","Silver/Black","T ","Touring Pedal"
2,"Components",13,"Pedals",547,"HL Road Pedal","Silver/Black","R ","HL Road Pedal"
2,"Components",13,"Pedals",546,"ML Road Pedal","Silver/Black","R ","ML Road Pedal"
2,"Components",14,"Road Frames",250,"HL Road Frame - Red, 56","Red","R ","HL Road Frame"
2,"Components",14,"Road Frames",251,"HL Road Frame - Red, 56","Red","R ","HL Road Frame"
2,"Components",14,"Road Frames",252,"HL Road Frame - Red, 56","Red","R ","HL Road Frame"
2,"Components",14,"Road Frames",253,"LL Road Frame - Black, 58","Black","R ","LL Road Frame"
2,"Components",14,"Road Frames",417,"ML Road Frame-W - Yellow, 38","Yellow","R ","ML Road Frame-W"
2,"Components",14,"Road Frames",418,"ML Road Frame-W - Yellow, 38","Yellow","R ","ML Road Frame-W"
2,"Components",14,"Road Frames",254,"LL Road Frame - Black, 58","Black","R ","LL Road Frame"
2,"Components",14,"Road Frames",255,"LL Road Frame - Black, 58","Black","R ","LL Road Frame"
2,"Components",14,"Road Frames",256,"LL Road Frame - Black, 60","Black","R ","LL Road Frame"
2,"Components",14,"Road Frames",429,"ML Road Frame-W - Yellow, 40","Yellow","R ","ML Road Frame-W"
2,"Components",14,"Road Frames",430,"ML Road Frame-W - Yellow, 40","Yellow","R ","ML Road Frame-W"
2,"Components",14,"Road Frames",431,"ML Road Frame-W - Yellow, 42","Yellow","R ","ML Road Frame-W"
2,"Components",14,"Road Frames",432,"ML Road Frame-W - Yellow, 42","Yellow","R ","ML Road Frame-W"
2,"Components",14,"Road Frames",433,"ML Road Frame-W - Yellow, 44","Yellow","R ","ML Road Frame-W"
2,"Components",14,"Road Frames",434,"ML Road Frame-W - Yellow, 44","Yellow","R ","ML Road Frame-W"
2,"Components",14,"Road Frames",435,"ML Road Frame-W - Yellow, 48","Yellow","R ","ML Road Frame-W"
2,"Components",14,"Road Frames",436,"ML Road Frame-W - Yellow, 48","Yellow","R ","ML Road Frame-W"
2,"Components",14,"Road Frames",437,"HL Road Frame - Black, 62","Black","R ","HL Road Frame"
2,"Components",14,"Road Frames",438,"HL Road Frame - Black, 62","Black","R ","HL Road Frame"
2,"Components",14,"Road Frames",439,"HL Road Frame - Black, 44","Black","R ","HL Road Frame"
2,"Components",14,"Road Frames",440,"HL Road Frame - Black, 44","Black","R ","HL Road Frame"
2,"Components",14,"Road Frames",441,"HL Road Frame - Black, 48","Black","R ","HL Road Frame"
2,"Components",14,"Road Frames",442,"HL Road Frame - Black, 48","Black","R ","HL Road Frame"
2,"Components",14,"Road Frames",443,"HL Road Frame - Black, 52","Black","R ","HL Road Frame"
2,"Components",14,"Road Frames",444,"HL Road Frame - Black, 52","Black","R ","HL Road Frame"
2,"Components",14,"Road Frames",257,"LL Road Frame - Black, 60","Black","R ","LL Road Frame"
2,"Components",14,"Road Frames",258,"LL Road Frame - Black, 60","Black","R ","LL Road Frame"
2,"Components",14,"Road Frames",259,"LL Road Frame - Black, 62","Black","R ","LL Road Frame"
2,"Components",14,"Road Frames",260,"LL Road Frame - Black, 62","Black","R ","LL Road Frame"
2,"Components",14,"Road Frames",261,"LL Road Frame - Black, 62","Black","R ","LL Road Frame"
2,"Components",14,"Road Frames",262,"LL Road Frame - Red, 44","Red","R ","LL Road Frame"
2,"Components",14,"Road Frames",263,"LL Road Frame - Red, 44","Red","R ","LL Road Frame"
2,"Components",14,"Road Frames",264,"LL Road Frame - Red, 48","Red","R ","LL Road Frame"
2,"Components",14,"Road Frames",265,"LL Road Frame - Red, 48","Red","R ","LL Road Frame"
2,"Components",14,"Road Frames",266,"LL Road Frame - Red, 52","Red","R ","LL Road Frame"
2,"Components",14,"Road Frames",267,"LL Road Frame - Red, 52","Red","R ","LL Road Frame"
2,"Components",14,"Road Frames",268,"LL Road Frame - Red, 58","Red","R ","LL Road Frame"
2,"Components",14,"Road Frames",269,"LL Road Frame - Red, 58","Red","R ","LL Road Frame"
2,"Components",14,"Road Frames",270,"LL Road Frame - Red, 60","Red","R ","LL Road Frame"
2,"Components",14,"Road Frames",271,"LL Road Frame - Red, 60","Red","R ","LL Road Frame"
2,"Components",14,"Road Frames",272,"LL Road Frame - Red, 62","Red","R ","LL Road Frame"
2,"Components",14,"Road Frames",273,"LL Road Frame - Red, 62","Red","R ","LL Road Frame"
2,"Components",14,"Road Frames",274,"ML Road Frame - Red, 44","Red","R ","ML Road Frame"
2,"Components",14,"Road Frames",275,"ML Road Frame - Red, 48","Red","R ","ML Road Frame"
2,"Components",14,"Road Frames",276,"ML Road Frame - Red, 52","Red","R ","ML Road Frame"
2,"Components",14,"Road Frames",277,"ML Road Frame - Red, 58","Red","R ","ML Road Frame"
2,"Components",14,"Road Frames",278,"ML Road Frame - Red, 60","Red","R ","ML Road Frame"
2,"Components",14,"Road Frames",279,"LL Road Frame - Black, 44","Black","R ","LL Road Frame"
2,"Components",14,"Road Frames",280,"LL Road Frame - Black, 44","Black","R ","LL Road Frame"
2,"Components",14,"Road Frames",281,"LL Road Frame - Black, 44","Black","R ","LL Road Frame"
2,"Components",14,"Road Frames",282,"LL Road Frame - Black, 48","Black","R ","LL Road Frame"
2,"Components",14,"Road Frames",283,"LL Road Frame - Black, 48","Black","R ","LL Road Frame"
2,"Components",14,"Road Frames",284,"LL Road Frame - Black, 48","Black","R ","LL Road Frame"
2,"Components",14,"Road Frames",285,"LL Road Frame - Black, 52","Black","R ","LL Road Frame"
2,"Components",14,"Road Frames",286,"LL Road Frame - Black, 52","Black","R ","LL Road Frame"
2,"Components",14,"Road Frames",287,"LL Road Frame - Black, 52","Black","R ","LL Road Frame"
2,"Components",14,"Road Frames",210,"HL Road Frame - Black, 58","Black","R ","HL Road Frame"
2,"Components",14,"Road Frames",211,"HL Road Frame - Red, 58","Red","R ","HL Road Frame"
2,"Components",14,"Road Frames",238,"HL Road Frame - Red, 62","Red","R ","HL Road Frame"
2,"Components",14,"Road Frames",239,"HL Road Frame - Red, 62","Red","R ","HL Road Frame"
2,"Components",14,"Road Frames",240,"HL Road Frame - Red, 62","Red","R ","HL Road Frame"
2,"Components",14,"Road Frames",241,"HL Road Frame - Red, 44","Red","R ","HL Road Frame"
2,"Components",14,"Road Frames",242,"HL Road Frame - Red, 44","Red","R ","HL Road Frame"
2,"Components",14,"Road Frames",243,"HL Road Frame - Red, 44","Red","R ","HL Road Frame"
2,"Components",14,"Road Frames",244,"HL Road Frame - Red, 48","Red","R ","HL Road Frame"
2,"Components",14,"Road Frames",245,"HL Road Frame - Red, 48","Red","R ","HL Road Frame"
2,"Components",14,"Road Frames",246,"HL Road Frame - Red, 48","Red","R ","HL Road Frame"
2,"Components",14,"Road Frames",247,"HL Road Frame - Red, 52","Red","R ","HL Road Frame"
2,"Components",14,"Road Frames",248,"HL Road Frame - Red, 52","Red","R ","HL Road Frame"
2,"Components",14,"Road Frames",249,"HL Road Frame - Red, 52","Red","R ","HL Road Frame"
2,"Components",15,"Saddles",515,"LL Mountain Seat/Saddle","NA","M ","LL Mountain Seat/Saddle 2"
2,"Components",15,"Saddles",522,"ML Touring Seat/Saddle","NA","T ","ML Touring Seat/Saddle"
2,"Components",15,"Saddles",521,"LL Touring Seat/Saddle","NA","T ","LL Touring Seat/Saddle"
2,"Components",15,"Saddles",520,"HL Road Seat/Saddle","NA","R ","HL Road Seat/Saddle 2"
2,"Components",15,"Saddles",519,"ML Road Seat/Saddle","NA","T ","ML Road Seat/Saddle 2"
2,"Components",15,"Saddles",518,"LL Road Seat/Saddle","NA","R ","LL Road Seat/Saddle 1"
2,"Components",15,"Saddles",517,"HL Mountain Seat/Saddle","NA","M ","HL Mountain Seat/Saddle 2"
2,"Components",15,"Saddles",516,"ML Mountain Seat/Saddle","NA","M ","ML Mountain Seat/Saddle 2"
2,"Components",15,"Saddles",523,"HL Touring Seat/Saddle","NA","T ","HL Touring Seat/Saddle"
2,"Components",16,"Touring Frames",500,"HL Touring Frame - Blue, 60","Blue","T ","HL Touring Frame"
2,"Components",16,"Touring Frames",502,"LL Touring Frame - Blue, 50","Blue","T ","LL Touring Frame"
2,"Components",16,"Touring Frames",503,"LL Touring Frame - Blue, 54","Blue","T ","LL Touring Frame"
2,"Components",16,"Touring Frames",504,"LL Touring Frame - Blue, 58","Blue","T ","LL Touring Frame"
2,"Components",16,"Touring Frames",505,"LL Touring Frame - Blue, 62","Blue","T ","LL Touring Frame"
2,"Components",16,"Touring Frames",506,"LL Touring Frame - Yellow, 44","Yellow","T ","LL Touring Frame"
2,"Components",16,"Touring Frames",507,"LL Touring Frame - Yellow, 50","Yellow","T ","LL Touring Frame"
2,"Components",16,"Touring Frames",508,"LL Touring Frame - Yellow, 54","Yellow","T ","LL Touring Frame"
2,"Components",16,"Touring Frames",509,"LL Touring Frame - Yellow, 58","Yellow","T ","LL Touring Frame"
2,"Components",16,"Touring Frames",510,"LL Touring Frame - Blue, 44","Blue","T ","LL Touring Frame"
2,"Components",16,"Touring Frames",492,"HL Touring Frame - Yellow, 60","Yellow","T ","HL Touring Frame"
2,"Components",16,"Touring Frames",493,"LL Touring Frame - Yellow, 62","Yellow","T ","LL Touring Frame"
2,"Components",16,"Touring Frames",494,"HL Touring Frame - Yellow, 46","Yellow","T ","HL Touring Frame"
2,"Components",16,"Touring Frames",495,"HL Touring Frame - Yellow, 50","Yellow","T ","HL Touring Frame"
2,"Components",16,"Touring Frames",496,"HL Touring Frame - Yellow, 54","Yellow","T ","HL Touring Frame"
2,"Components",16,"Touring Frames",497,"HL Touring Frame - Blue, 46","Blue","T ","HL Touring Frame"
2,"Components",16,"Touring Frames",498,"HL Touring Frame - Blue, 50","Blue","T ","HL Touring Frame"
2,"Components",16,"Touring Frames",499,"HL Touring Frame - Blue, 54","Blue","T ","HL Touring Frame"
2,"Components",17,"Wheels",419,"LL Mountain Rear Wheel","Black","M ","LL Mountain Rear Wheel"
2,"Components",17,"Wheels",416,"Touring Front Wheel","Black","T ","Touring Front Wheel"
2,"Components",17,"Wheels",422,"LL Road Rear Wheel","Black","R ","LL Road Rear Wheel"
2,"Components",17,"Wheels",421,"HL Mountain Rear Wheel","Black","M ","HL Mountain Rear Wheel"
2,"Components",17,"Wheels",420,"ML Mountain Rear Wheel","Black","M ","ML Mountain Rear Wheel"
2,"Components",17,"Wheels",424,"HL Road Rear Wheel","Black","R ","HL Road Rear Wheel"
2,"Components",17,"Wheels",425,"Touring Rear Wheel","Black","T ","Touring Rear Wheel"
2,"Components",17,"Wheels",415,"HL Road Front Wheel","Black","R ","HL Road Front Wheel"
2,"Components",17,"Wheels",414,"ML Road Front Wheel","Black","R ","ML Road Front Wheel"
2,"Components",17,"Wheels",413,"LL Road Front Wheel","Black","R ","LL Road Front Wheel"
2,"Components",17,"Wheels",412,"HL Mountain Front Wheel","Black","M ","HL Mountain Front Wheel"
2,"Components",17,"Wheels",411,"ML Mountain Front Wheel","Black","M ","ML Mountain Front Wheel"
2,"Components",17,"Wheels",410,"LL Mountain Front Wheel","Black","M ","LL Mountain Front Wheel"
2,"Components",17,"Wheels",423,"ML Road Rear Wheel","Black","R ","ML Road Rear Wheel"
3,"Clothing",18,"Bib-Shorts",459,"Men's Bib-Shorts, S","Multi","S ","Men's Bib-Shorts"
3,"Clothing",18,"Bib-Shorts",461,"Men's Bib-Shorts, L","Multi","S ","Men's Bib-Shorts"
3,"Clothing",18,"Bib-Shorts",460,"Men's Bib-Shorts, M","Multi","S ","Men's Bib-Shorts"
3,"Clothing",19,"Caps",224,"AWC Logo Cap","Multi","S ","Cycling Cap"
3,"Clothing",19,"Caps",225,"AWC Logo Cap","Multi","S ","Cycling Cap"
3,"Clothing",19,"Caps",223,"AWC Logo Cap","Multi","S ","Cycling Cap"
3,"Clothing",20,"Gloves",465,"Half-Finger Gloves, M","Black","S ","Half-Finger Gloves"
3,"Clothing",20,"Gloves",464,"Half-Finger Gloves, M","Black","S ","Half-Finger Gloves"
3,"Clothing",20,"Gloves",463,"Half-Finger Gloves, S","Black","S ","Half-Finger Gloves"
3,"Clothing",20,"Gloves",462,"Half-Finger Gloves, S","Black","S ","Half-Finger Gloves"
3,"Clothing",20,"Gloves",467,"Half-Finger Gloves, L","Black","S ","Half-Finger Gloves"
3,"Clothing",20,"Gloves",468,"Full-Finger Gloves, S","Black","M ","Full-Finger Gloves"
3,"Clothing",20,"Gloves",469,"Full-Finger Gloves, M","Black","M ","Full-Finger Gloves"
3,"Clothing",20,"Gloves",470,"Full-Finger Gloves, L","Black","M ","Full-Finger Gloves"
3,"Clothing",20,"Gloves",466,"Half-Finger Gloves, L","Black","S ","Half-Finger Gloves"
3,"Clothing",21,"Jerseys",226,"Long-Sleeve Logo Jersey, S","Multi","S ","Long-Sleeve Logo Jersey"
3,"Clothing",21,"Jerseys",237,"Long-Sleeve Logo Jersey, XL","Multi","S ","Long-Sleeve Logo Jersey"
3,"Clothing",21,"Jerseys",236,"Long-Sleeve Logo Jersey, XL","Multi","S ","Long-Sleeve Logo Jersey"
3,"Clothing",21,"Jerseys",229,"Long-Sleeve Logo Jersey, M","Multi","S ","Long-Sleeve Logo Jersey"
3,"Clothing",21,"Jerseys",228,"Long-Sleeve Logo Jersey, S","Multi","S ","Long-Sleeve Logo Jersey"
3,"Clothing",21,"Jerseys",235,"Long-Sleeve Logo Jersey, XL","Multi","S ","Long-Sleeve Logo Jersey"
3,"Clothing",21,"Jerseys",234,"Long-Sleeve Logo Jersey, L","Multi","S ","Long-Sleeve Logo Jersey"
3,"Clothing",21,"Jerseys",233,"Long-Sleeve Logo Jersey, L","Multi","S ","Long-Sleeve Logo Jersey"
3,"Clothing",21,"Jerseys",232,"Long-Sleeve Logo Jersey, L","Multi","S ","Long-Sleeve Logo Jersey"
3,"Clothing",21,"Jerseys",231,"Long-Sleeve Logo Jersey, M","Multi","S ","Long-Sleeve Logo Jersey"
3,"Clothing",21,"Jerseys",491,"Short-Sleeve Classic Jersey, XL","Yellow","S ","Short-Sleeve Classic Jersey"
3,"Clothing",21,"Jerseys",490,"Short-Sleeve Classic Jersey, L","Yellow","S ","Short-Sleeve Classic Jersey"
3,"Clothing",21,"Jerseys",489,"Short-Sleeve Classic Jersey, M","Yellow","S ","Short-Sleeve Classic Jersey"
3,"Clothing",21,"Jerseys",488,"Short-Sleeve Classic Jersey, S","Yellow","S ","Short-Sleeve Classic Jersey"
3,"Clothing",21,"Jerseys",227,"Long-Sleeve Logo Jersey, S","Multi","S ","Long-Sleeve Logo Jersey"
3,"Clothing",21,"Jerseys",230,"Long-Sleeve Logo Jersey, M","Multi","S ","Long-Sleeve Logo Jersey"
3,"Clothing",22,"Shorts",454,"Men's Sports Shorts, L","Black","S ","Men's Sports Shorts"
3,"Clothing",22,"Shorts",445,"Men's Sports Shorts, S","Black","S ","Men's Sports Shorts"
3,"Clothing",22,"Shorts",474,"Women's Mountain Shorts, S","Black","M ","Women's Mountain Shorts"
3,"Clothing",22,"Shorts",476,"Women's Mountain Shorts, L","Black","M ","Women's Mountain Shorts"
3,"Clothing",22,"Shorts",475,"Women's Mountain Shorts, M","Black","M ","Women's Mountain Shorts"
3,"Clothing",22,"Shorts",455,"Men's Sports Shorts, XL","Black","S ","Men's Sports Shorts"
3,"Clothing",22,"Shorts",453,"Men's Sports Shorts, M","Black","S ","Men's Sports Shorts"
3,"Clothing",23,"Socks",482,"Racing Socks, L","White","R ","Racing Socks"
3,"Clothing",23,"Socks",218,"Mountain Bike Socks, M","White","M ","Mountain Bike Socks"
3,"Clothing",23,"Socks",219,"Mountain Bike Socks, L","White","M ","Mountain Bike Socks"
3,"Clothing",23,"Socks",481,"Racing Socks, M","White","R ","Racing Socks"
3,"Clothing",24,"Tights",457,"Women's Tights, M","Black","S ","Women's Tights"
3,"Clothing",24,"Tights",456,"Women's Tights, S","Black","S ","Women's Tights"
3,"Clothing",24,"Tights",458,"Women's Tights, L","Black","S ","Women's Tights"
3,"Clothing",25,"Vests",473,"Classic Vest, L","Blue","S ","Classic Vest"
3,"Clothing",25,"Vests",471,"Classic Vest, S","Blue","S ","Classic Vest"
3,"Clothing",25,"Vests",472,"Classic Vest, M","Blue","S ","Classic Vest"
4,"Accessories",26,"Bike Racks",483,"Hitch Rack - 4-Bike","NA","S ","Hitch Rack - 4-Bike"
4,"Accessories",27,"Bike Stands",486,"All-Purpose Bike Stand","NA","M ","All-Purpose Bike Stand"
4,"Accessories",28,"Bottles and Cages",479,"Road Bottle Cage","NA","R ","Road Bottle Cage"
4,"Accessories",28,"Bottles and Cages",477,"Water Bottle - 30 oz.","NA","S ","Water Bottle"
4,"Accessories",28,"Bottles and Cages",478,"Mountain Bottle Cage","NA","M ","Mountain Bottle Cage"
4,"Accessories",29,"Cleaners",484,"Bike Wash - Dissolver","NA","S ","Bike Wash"
4,"Accessories",30,"Fenders",485,"Fender Set - Mountain","NA","M ","Fender Set - Mountain"
4,"Accessories",31,"Helmets",216,"Sport-100 Helmet, Black","Black","S ","Sport-100"
4,"Accessories",31,"Helmets",220,"Sport-100 Helmet, Blue","Blue","S ","Sport-100"
4,"Accessories",31,"Helmets",217,"Sport-100 Helmet, Black","Black","S ","Sport-100"
4,"Accessories",31,"Helmets",221,"Sport-100 Helmet, Blue","Blue","S ","Sport-100"
4,"Accessories",31,"Helmets",215,"Sport-100 Helmet, Black","Black","S ","Sport-100"
4,"Accessories",31,"Helmets",214,"Sport-100 Helmet, Red","Red","S ","Sport-100"
4,"Accessories",31,"Helmets",213,"Sport-100 Helmet, Red","Red","S ","Sport-100"
4,"Accessories",31,"Helmets",212,"Sport-100 Helmet, Red","Red","S ","Sport-100"
4,"Accessories",31,"Helmets",222,"Sport-100 Helmet, Blue","Blue","S ","Sport-100"
4,"Accessories",32,"Hydration Packs",487,"Hydration Pack - 70 oz.","Silver","S ","Hydration Pack"
4,"Accessories",33,"Lights",450,"Taillights - Battery-Powered","NA","R ","Taillight"
4,"Accessories",33,"Lights",451,"Headlights - Dual-Beam","NA","R ","Headlights - Dual-Beam"
4,"Accessories",33,"Lights",452,"Headlights - Weatherproof","NA","R ","Headlights - Weatherproof"
4,"Accessories",34,"Locks",447,"Cable Lock","NA","S ","Cable Lock"
4,"Accessories",35,"Panniers",446,"Touring-Panniers, Large","Grey","T ","Touring-Panniers"
4,"Accessories",36,"Pumps",449,"Mountain Pump","NA","M ","Mountain Pump"
4,"Accessories",36,"Pumps",448,"Minipump","NA","S ","Minipump"
4,"Accessories",37,"Tires and Tubes",480,"Patch Kit/8 Patches","NA","S ","Patch kit"
4,"Accessories",37,"Tires and Tubes",528,"Mountain Tire Tube","NA","M ","Mountain Tire Tube"
4,"Accessories",37,"Tires and Tubes",529,"Road Tire Tube","NA","R ","Road Tire Tube"
4,"Accessories",37,"Tires and Tubes",537,"HL Mountain Tire","NA","M ","HL Mountain Tire"
4,"Accessories",37,"Tires and Tubes",538,"LL Road Tire","NA","R ","LL Road Tire"
4,"Accessories",37,"Tires and Tubes",536,"ML Mountain Tire","NA","M ","ML Mountain Tire"
4,"Accessories",37,"Tires and Tubes",535,"LL Mountain Tire","NA","M ","LL Mountain Tire"
4,"Accessories",37,"Tires and Tubes",530,"Touring Tire Tube","NA","T ","Touring Tire Tube"
4,"Accessories",37,"Tires and Tubes",541,"Touring Tire","NA","T ","Touring Tire"
4,"Accessories",37,"Tires and Tubes",540,"HL Road Tire","NA","R ","HL Road Tire"
4,"Accessories",37,"Tires and Tubes",539,"ML Road Tire","NA","R ","ML Road Tire"
